gender,year
female,2022
male,2022
female,2022
male,2022
female,2022
male,2022
male,2022
male,2022
male,2022
male,2022
male,2022
male,2022
female,2022
male,2022
male,2022
female,2022
male,2022
male,2022
male,2022
male,2022
male,2022
male,2022
male,2022
male,2022
male,2022
male,2022
male,2022
male,2022
male,2022
male,2022
male,2022
male,2022
male,2022
male,2022
male,2022
male,2022
male,2022
male,2022
male,2022
female,2022
male,2022
male,2022
male,2022
male,2022
male,2022
male,2022
male,2022
male,2022
male,2022
male,2022
male,2022
male,2022
male,2022
male,2022
male,2022
male,2022
male,2022
female,2022
male,2022
male,2022
male,2022
male,2022
male,2022
female,2022
male,2022
female,2022
male,2022
female,2022
male,2022
male,2022
male,2022
male,2022
female,2022
male,2022
male,2022
male,2022
male,2022
male,2022
male,2022
male,2022
male,2022
male,2022
male,2022
male,2022
male,2022
male,2022
male,2022
male,2022
male,2022
male,2022
male,2022
female,2022
male,2022
male,2022
male,2022
male,2022
female,2022
male,2022
female,2022
male,2022
male,2022
male,2022
female,2022
male,2022
female,2022
male,2022
male,2022
male,2022
male,2022
male,2022
male,2022
female,2022
female,2022
male,2022
male,2022
male,2022
male,2022
female,2022
male,2022
male,2022
male,2022
male,2022
male,2022
female,2022
male,2022
male,2022
male,2022
male,2022
female,2022
male,2022
male,2022
male,2022
male,2022
male,2022
male,2022
male,2022
male,2022
male,2022
male,2022
male,2022
male,2022
male,2022
female,2022
male,2022
male,2022
male,2022
male,2022
female,2022
male,2022
male,2022
male,2022
male,2022
male,2022
male,2022
male,2022
male,2022
male,2022
female,2022
male,2022
male,2022
male,2022
male,2022
male,2022
male,2022
male,2022
male,2022
male,2022
male,2022
female,2022
male,2022
male,2022
female,2022
female,2022
male,2022
male,2022
female,2022
male,2022
male,2022
male,2022
male,2022
male,2022
male,2022
male,2022
male,2022
male,2022
male,2022
male,2022
male,2022
male,2022
male,2022
male,2022
male,2022
male,2022
male,2022
male,2022
male,2022
male,2022
male,2022
male,2022
male,2022
female,2022
male,2022
male,2022
male,2022
female,2022
female,2022
male,2022
male,2022
male,2022
male,2022
male,2022
male,2022
male,2022
female,2022
male,2022
male,2022
female,2022
male,2022
male,2022
male,2022
male,2022
male,2022
male,2022
male,2022
female,2022
male,2022
male,2022
male,2022
male,2022
male,2022
female,2022
male,2022
female,2022
male,2022
female,2022
female,2022
male,2022
male,2022
male,2022
male,2022
male,2022
male,2022
male,2022
male,2022
female,2022
male,2022
female,2022
male,2022
male,2022
female,2022
male,2022
female,2022
male,2022
male,2022
male,2022
male,2022
male,2022
male,2022
male,2022
male,2022
male,2022
male,2022
male,2022
female,2022
male,2022
male,2022
male,2022
male,2022
female,2022
female,2022
female,2022
male,2022
male,2022
female,2022
male,2022
female,2022
female,2022
male,2022
male,2022
male,2022
female,2022
male,2022
female,2022
male,2022
female,2022
male,2022
male,2022
male,2022
female,2022
male,2022
female,2022
male,2022
male,2022
male,2022
female,2022
male,2022
female,2022
female,2022
female,2022
male,2022
male,2022
male,2022
male,2022
male,2022
male,2022
male,2022
male,2022
male,2022
male,2022
male,2022
male,2022
male,2022
male,2022
female,2022
male,2022
male,2022
female,2022
male,2022
male,2022
female,2022
male,2022
male,2022
male,2022
female,2022
male,2022
female,2022
female,2022
male,2022
female,2022
male,2022
male,2022
male,2022
female,2022
male,2022
male,2022
female,2022
male,2022
male,2022
male,2022
female,2022
male,2022
male,2022
female,2022
male,2022
female,2022
male,2022
female,2022
male,2022
male,2022
male,2022
female,2022
male,2022
male,2022
female,2022
male,2022
male,2022
male,2022
female,2022
female,2022
male,2022
male,2022
male,2022
male,2022
male,2022
male,2022
male,2022
male,2022
male,2022
male,2022
male,2022
male,2022
male,2022
male,2022
male,2022
male,2022
male,2022
male,2022
male,2022
male,2022
male,2022
male,2022
male,2022
female,2022
male,2022
male,2022
male,2022
male,2022
male,2022
male,2022
male,2022
male,2022
male,2022
male,2022
male,2022
male,2022
female,2022
male,2022
male,2022
male,2022
male,2022
male,2022
male,2022
male,2022
male,2022
male,2022
male,2022
male,2022
male,2022
male,2022
female,2022
male,2022
male,2022
male,2022
male,2022
male,2022
female,2022
male,2022
male,2022
male,2022
female,2022
female,2022
male,2022
female,2022
female,2022
male,2022
male,2022
male,2022
male,2022
male,2022
male,2022
male,2022
male,2022
male,2022
female,2022
male,2022
male,2022
male,2022
male,2022
male,2022
male,2022
female,2022
female,2022
male,2022
male,2022
male,2022
female,2022
female,2022
male,2022
male,2022
male,2022
male,2022
female,2022
male,2022
female,2022
male,2022
male,2022
male,2022
male,2022
male,2022
male,2022
male,2022
female,2022
female,2022
female,2022
male,2022
male,2022
female,2022
male,2022
male,2022
male,2022
female,2022
female,2022
male,2022
male,2022
male,2022
female,2022
male,2022
female,2022
male,2022
male,2022
male,2022
male,2022
female,2022
male,2022
male,2022
male,2022
male,2022
female,2022
male,2022
male,2022
male,2022
male,2022
male,2022
male,2022
male,2022
male,2022
male,2022
male,2022
male,2022
male,2022
male,2022
male,2022
male,2022
male,2022
male,2022
male,2022
male,2022
male,2022
male,2022
male,2022
male,2022
male,2022
male,2022
female,2022
male,2022
female,2022
female,2022
male,2022
female,2022
female,2022
female,2022
male,2022
male,2022
female,2022
female,2022
male,2022
female,2022
male,2022
male,2022
male,2022
male,2022
female,2022
male,2022
female,2022
male,2022
female,2022
male,2022
male,2022
male,2022
male,2022
male,2022
male,2022
female,2022
male,2022
male,2022
female,2022
male,2022
male,2022
male,2022
male,2022
male,2022
male,2022
male,2022
female,2022
female,2022
male,2022
male,2022
female,2022
female,2022
male,2022
female,2022
female,2022
female,2022
male,2022
male,2022
male,2022
male,2022
female,2022
male,2022
male,2022
male,2022
male,2022
male,2022
male,2022
male,2022
male,2022
male,2022
male,2022
male,2022
male,2022
male,2022
male,2022
male,2022
male,2022
male,2022
female,2022
male,2022
male,2022
male,2022
male,2022
male,2022
male,2022
female,2022
female,2022
male,2022
male,2022
male,2022
male,2022
male,2022
male,2022
male,2022
male,2022
female,2022
female,2022
male,2022
male,2022
male,2022
female,2022
male,2022
male,2022
male,2022
male,2022
female,2022
male,2022
male,2022
female,2022
male,2022
male,2022
male,2022
male,2022
male,2022
male,2022
male,2022
male,2022
male,2022
male,2022
male,2022
male,2022
male,2022
female,2022
male,2022
male,2022
male,2022
male,2022
female,2022
male,2022
male,2022
male,2022
male,2022
female,2022
male,2022
male,2022
male,2022
male,2022
female,2022
male,2022
male,2022
male,2022
male,2022
female,2022
male,2022
male,2022
male,2022
male,2022
male,2022
female,2022
female,2022
male,2022
male,2022
male,2022
female,2022
female,2022
male,2022
male,2022
male,2022
male,2022
male,2022
male,2022
male,2022
male,2022
male,2022
male,2022
male,2022
male,2022
male,2022
male,2022
female,2022
female,2022
male,2022
male,2022
male,2022
male,2022
female,2022
female,2022
male,2022
male,2022
female,2022
female,2022
female,2022
male,2022
male,2022
male,2022
male,2022
male,2022
male,2022
male,2022
male,2022
male,2022
male,2022
female,2022
male,2022
male,2022
male,2022
male,2022
male,2022
male,2022
female,2022
male,2022
male,2022
male,2022
male,2022
male,2022
male,2022
male,2022
male,2022
male,2022
male,2022
male,2022
male,2022
male,2022
female,2022
male,2022
male,2022
male,2022
male,2022
male,2022
male,2022
male,2022
male,2022
male,2022
male,2022
male,2022
male,2022
female,2022
female,2022
male,2022
male,2022
male,2022
female,2022
male,2022
male,2022
male,2022
male,2022
male,2022
male,2022
male,2022
male,2022
male,2022
male,2022
male,2022
male,2022
male,2022
male,2022
male,2022
male,2022
male,2022
female,2022
female,2022
male,2022
female,2022
male,2022
male,2022
male,2022
male,2022
female,2022
male,2022
female,2022
male,2022
female,2022
male,2022
male,2022
male,2022
male,2022
male,2022
male,2022
male,2022
male,2022
male,2022
male,2022
male,2022
male,2022
female,2022
male,2022
female,2022
female,2022
male,2022
female,2022
female,2022
male,2022
male,2022
male,2022
male,2022
female,2022
female,2022
female,2022
male,2022
male,2022
male,2022
male,2022
male,2022
male,2022
male,2022
male,2022
male,2022
male,2022
male,2022
male,2022
female,2022
male,2022
male,2022
male,2022
male,2022
male,2022
male,2022
female,2022
female,2022
female,2022
male,2022
male,2022
female,2022
male,2022
male,2022
male,2022
male,2022
male,2022
male,2022
male,2022
male,2022
male,2022
male,2022
male,2022
female,2022
male,2022
male,2022
male,2022
male,2022
female,2022
male,2022
male,2022
male,2022
female,2022
female,2022
male,2022
male,2022
female,2022
male,2022
male,2022
female,2022
male,2022
male,2022
male,2022
male,2022
male,2022
male,2022
male,2022
female,2022
female,2022
male,2022
male,2022
male,2022
male,2022
male,2022
male,2022
male,2022
male,2022
male,2022
male,2022
female,2022
male,2022
male,2022
male,2022
male,2022
male,2022
male,2022
male,2022
male,2022
male,2022
male,2022
male,2022
male,2022
male,2022
male,2022
male,2022
male,2022
male,2022
male,2022
male,2022
male,2022
male,2022
female,2022
female,2022
female,2022
male,2022
male,2022
male,2022
female,2022
male,2022
male,2022
male,2022
male,2022
male,2022
male,2022
male,2022
male,2022
male,2022
male,2022
female,2022
female,2022
male,2022
female,2022
male,2022
male,2022
male,2022
female,2022
male,2022
male,2022
male,2022
male,2022
male,2022
male,2022
male,2022
male,2022
male,2022
male,2022
female,2022
male,2022
male,2022
female,2022
female,2022
male,2022
male,2022
male,2022
male,2022
female,2022
male,2022
male,2022
male,2022
male,2022
male,2022
male,2022
female,2022
female,2022
male,2022
female,2022
female,2022
male,2022
female,2022
female,2022
female,2022
male,2022
female,2022
male,2022
male,2022
male,2022
male,2022
female,2022
male,2022
male,2022
male,2022
male,2022
female,2022
male,2022
male,2022
male,2022
male,2022
male,2022
male,2022
male,2022
male,2022
male,2022
female,2022
female,2022
female,2022
male,2022
male,2022
male,2022
male,2022
male,2022
female,2022
female,2022
male,2022
male,2022
female,2022
male,2022
male,2022
female,2022
male,2022
female,2022
male,2022
male,2022
male,2022
female,2022
male,2022
female,2022
female,2022
male,2022
male,2022
male,2022
female,2022
male,2022
female,2022
male,2022
male,2022
male,2022
female,2022
male,2022
female,2022
male,2022
male,2022
female,2022
female,2022
female,2022
male,2022
female,2022
female,2022
male,2022
male,2022
male,2022
male,2022
male,2022
male,2022
female,2022
female,2022
male,2022
female,2022
male,2022
male,2022
female,2022
female,2022
male,2022
male,2022
female,2022
male,2022
female,2022
female,2022
female,2022
female,2022
male,2022
male,2022
male,2022
male,2022
male,2022
male,2022
male,2022
male,2022
female,2022
female,2022
male,2022
male,2022
male,2022
male,2022
female,2022
male,2022
female,2022
female,2022
female,2022
male,2022
male,2022
female,2022
male,2022
male,2022
female,2022
male,2022
male,2022
male,2022
female,2022
male,2022
female,2022
female,2022
male,2022
male,2022
male,2022
male,2022
male,2022
male,2022
male,2022
male,2022
female,2022
female,2022
female,2022
male,2022
male,2022
male,2022
male,2022
female,2022
female,2022
male,2022
male,2022
male,2022
male,2022
male,2022
female,2022
male,2022
male,2022
male,2022
male,2022
male,2022
female,2022
female,2022
male,2022
male,2022
female,2022
female,2022
female,2022
male,2022
female,2022
female,2022
male,2022
female,2022
female,2022
female,2022
male,2022
male,2022
female,2022
female,2022
male,2022
male,2022
female,2022
female,2022
male,2022
male,2022
male,2022
male,2022
male,2022
male,2022
male,2022
male,2022
male,2022
male,2022
male,2022
male,2022
male,2022
male,2022
male,2022
male,2022
female,2022
male,2022
male,2022
male,2022
male,2022
male,2022
male,2022
male,2022
female,2022
male,2022
female,2022
male,2022
male,2022
male,2022
female,2022
male,2022
male,2022
male,2022
male,2022
female,2022
male,2022
male,2022
male,2022
male,2022
male,2022
female,2022
male,2022
male,2022
male,2022
male,2022
male,2022
male,2022
male,2022
male,2022
male,2022
male,2022
female,2022
male,2022
male,2022
male,2022
male,2022
male,2022
male,2022
male,2022
female,2022
male,2022
male,2022
female,2022
female,2022
female,2022
male,2022
male,2022
male,2022
male,2022
male,2022
male,2022
female,2022
female,2022
male,2022
male,2022
female,2022
female,2022
male,2022
male,2022
male,2022
male,2022
male,2022
male,2022
male,2022
male,2022
male,2022
male,2022
male,2022
female,2022
male,2022
female,2022
male,2022
male,2022
male,2022
male,2022
male,2022
male,2022
male,2022
male,2022
male,2022
male,2022
male,2022
female,2022
female,2022
male,2022
female,2022
male,2022
female,2022
male,2022
male,2022
female,2022
male,2022
female,2022
male,2022
male,2022
female,2022
female,2022
male,2022
male,2022
female,2022
female,2022
male,2022
male,2022
female,2022
male,2022
female,2022
male,2022
female,2022
female,2022
male,2022
female,2022
male,2022
male,2022
female,2022
male,2022
male,2022
male,2022
male,2022
male,2022
male,2022
male,2022
male,2022
male,2022
female,2022
female,2022
female,2022
male,2022
male,2022
male,2022
male,2022
male,2022
male,2022
male,2022
female,2022
female,2022
male,2022
male,2022
male,2022
male,2022
female,2022
male,2022
male,2022
female,2022
male,2022
female,2022
female,2022
male,2022
male,2022
female,2022
male,2022
male,2022
female,2022
male,2022
female,2022
male,2022
male,2022
male,2022
male,2022
female,2022
male,2022
female,2022
male,2022
male,2022
male,2022
male,2022
male,2022
male,2022
male,2022
male,2022
male,2022
male,2022
male,2022
female,2022
male,2022
male,2022
male,2022
female,2022
male,2022
male,2022
female,2022
female,2022
male,2022
male,2022
male,2022
female,2022
male,2022
male,2022
female,2022
male,2022
male,2022
male,2022
male,2022
male,2022
male,2022
male,2022
female,2022
male,2022
male,2022
male,2022
male,2022
female,2022
female,2022
male,2022
male,2022
male,2022
female,2022
male,2022
female,2022
male,2022
male,2022
male,2022
female,2022
male,2022
male,2022
female,2022
male,2022
male,2022
male,2022
male,2022
female,2022
male,2022
male,2022
male,2022
male,2022
male,2022
male,2022
male,2022
male,2022
male,2022
male,2022
female,2022
male,2022
male,2022
male,2022
male,2022
male,2022
female,2022
female,2022
male,2022
male,2022
female,2022
female,2022
female,2022
female,2022
male,2022
male,2022
female,2022
male,2022
male,2022
male,2022
male,2022
female,2022
male,2022
male,2022
male,2022
male,2022
male,2022
male,2022
female,2022
male,2022
male,2022
female,2022
male,2022
male,2022
male,2022
male,2022
male,2022
female,2022
female,2022
male,2022
male,2022
male,2022
male,2022
female,2022
male,2022
female,2022
female,2022
male,2022
male,2022
male,2022
female,2022
male,2022
male,2022
male,2022
male,2022
female,2022
male,2022
male,2022
male,2022
male,2022
male,2022
female,2022
male,2022
female,2022
female,2022
male,2022
male,2022
male,2022
female,2022
female,2022
male,2022
male,2022
male,2022
male,2022
male,2022
male,2022
male,2022
female,2022
male,2022
female,2022
male,2022
male,2022
male,2022
female,2022
male,2022
female,2022
male,2022
male,2022
male,2022
male,2022
female,2022
female,2022
male,2022
male,2022
female,2022
female,2022
male,2022
male,2022
male,2022
male,2022
male,2022
female,2022
male,2022
male,2022
male,2022
male,2022
male,2022
female,2022
male,2022
male,2022
female,2022
male,2022
male,2022
female,2022
male,2022
male,2022
male,2022
male,2022
female,2022
female,2022
male,2022
male,2022
female,2022
female,2022
male,2022
male,2022
male,2022
male,2022
male,2022
male,2022
male,2022
male,2022
male,2022
male,2022
male,2022
male,2022
male,2022
male,2022
male,2022
male,2022
male,2022
female,2022
male,2022
male,2022
female,2022
male,2022
male,2022
male,2022
male,2022
male,2022
female,2022
male,2022
male,2022
male,2022
female,2022
male,2022
female,2022
female,2022
female,2022
female,2022
male,2022
male,2022
female,2022
male,2022
male,2022
male,2022
female,2022
male,2022
male,2022
female,2022
male,2022
male,2022
male,2022
male,2022
female,2022
female,2022
male,2022
female,2022
female,2022
male,2022
female,2022
male,2022
male,2022
female,2022
male,2022
female,2022
female,2022
female,2022
male,2022
male,2022
female,2022
female,2022
female,2022
female,2022
female,2022
female,2022
male,2022
male,2022
male,2022
male,2022
male,2022
male,2022
female,2022
male,2022
male,2022
female,2022
male,2022
female,2022
male,2022
male,2022
male,2022
male,2022
female,2022
male,2022
male,2022
male,2022
male,2022
female,2022
male,2022
female,2022
male,2022
male,2022
male,2022
male,2022
male,2022
male,2022
female,2022
male,2022
female,2022
male,2022
male,2022
male,2022
male,2022
female,2022
male,2022
male,2022
male,2022
male,2022
male,2022
male,2022
male,2022
female,2022
female,2022
male,2022
male,2022
male,2022
female,2022
male,2022
male,2022
male,2022
female,2022
male,2022
male,2022
male,2022
male,2022
male,2022
male,2022
male,2022
female,2022
male,2022
male,2022
male,2022
male,2022
female,2022
male,2022
male,2022
male,2022
male,2022
male,2022
male,2022
male,2022
male,2022
female,2022
male,2022
male,2022
male,2022
male,2022
male,2022
male,2022
female,2022
male,2022
male,2022
female,2022
male,2022
male,2022
male,2022
male,2022
male,2022
male,2022
female,2021
male,2021
male,2021
male,2021
male,2021
male,2021
male,2021
male,2021
male,2021
female,2021
male,2021
male,2021
female,2021
male,2021
male,2021
female,2021
male,2021
female,2021
male,2021
male,2021
male,2021
male,2021
male,2021
male,2021
male,2021
female,2021
male,2021
male,2021
male,2021
male,2021
male,2021
male,2021
male,2021
male,2021
female,2021
female,2021
male,2021
male,2021
male,2021
male,2021
male,2021
male,2021
male,2021
male,2021
female,2021
male,2021
male,2021
male,2021
male,2021
male,2021
female,2021
male,2021
male,2021
male,2021
male,2021
male,2021
male,2021
male,2021
female,2021
male,2021
female,2021
male,2021
male,2021
male,2021
male,2021
male,2021
male,2021
male,2021
male,2021
male,2021
male,2021
male,2021
male,2021
male,2021
male,2021
male,2021
male,2021
male,2021
male,2021
male,2021
male,2021
male,2021
male,2021
male,2021
male,2021
male,2021
male,2021
male,2021
male,2021
male,2021
female,2021
male,2021
female,2021
male,2021
male,2021
male,2021
female,2021
male,2021
female,2021
male,2021
male,2021
male,2021
male,2021
male,2021
male,2021
female,2021
male,2021
female,2021
female,2021
female,2021
female,2021
male,2021
male,2021
male,2021
male,2021
male,2021
male,2021
male,2021
male,2021
male,2021
male,2021
female,2021
male,2021
male,2021
male,2021
male,2021
female,2021
female,2021
female,2021
male,2021
male,2021
female,2021
female,2021
female,2021
female,2021
male,2021
female,2021
female,2021
male,2021
female,2021
female,2021
male,2021
female,2021
female,2021
female,2021
male,2021
male,2021
male,2021
female,2021
female,2021
female,2021
male,2021
male,2021
female,2021
male,2021
female,2021
male,2021
female,2021
male,2021
male,2021
male,2021
female,2021
female,2021
male,2021
female,2021
male,2021
female,2021
female,2021
female,2021
female,2021
male,2021
female,2021
male,2021
female,2021
male,2021
female,2021
male,2021
male,2021
female,2021
male,2021
female,2021
male,2021
male,2021
female,2021
female,2021
male,2021
male,2021
male,2021
male,2021
male,2021
female,2021
male,2021
male,2021
female,2021
male,2021
male,2021
female,2021
male,2021
male,2021
male,2021
female,2021
female,2021
female,2021
male,2021
female,2021
female,2021
male,2021
male,2021
female,2021
male,2021
male,2021
female,2021
male,2021
male,2021
female,2021
female,2021
male,2021
male,2021
male,2021
female,2021
male,2021
female,2021
female,2021
male,2021
male,2021
male,2021
female,2021
male,2021
male,2021
female,2021
male,2021
female,2021
female,2021
female,2021
female,2021
male,2021
female,2021
female,2021
male,2021
female,2021
female,2021
female,2021
male,2021
male,2021
male,2021
female,2021
female,2021
male,2021
female,2021
female,2021
male,2021
male,2021
male,2021
female,2021
male,2021
male,2021
female,2021
female,2021
female,2021
male,2021
female,2021
female,2021
female,2021
female,2021
female,2021
male,2021
female,2021
male,2021
male,2021
female,2021
male,2021
female,2021
male,2021
male,2021
female,2021
male,2021
female,2021
male,2021
male,2021
male,2021
male,2021
female,2021
male,2021
female,2021
female,2021
male,2021
male,2021
male,2021
male,2021
male,2021
female,2021
female,2021
male,2021
male,2021
male,2021
male,2021
female,2021
female,2021
male,2021
female,2021
male,2021
male,2021
male,2021
male,2021
male,2021
male,2021
male,2021
male,2021
female,2021
male,2021
male,2021
male,2021
male,2021
male,2021
female,2021
male,2021
male,2021
male,2021
male,2021
male,2021
male,2021
female,2021
male,2021
female,2021
female,2021
female,2021
male,2021
male,2021
male,2021
female,2021
male,2021
male,2021
male,2021
female,2021
female,2021
male,2021
male,2021
female,2021
male,2021
female,2021
male,2021
male,2021
female,2021
male,2021
male,2021
male,2021
male,2021
male,2021
female,2021
female,2021
male,2021
female,2021
female,2021
male,2021
female,2021
female,2021
male,2021
male,2021
female,2021
male,2021
male,2021
male,2021
male,2021
male,2021
male,2021
male,2021
male,2021
male,2021
male,2021
male,2021
male,2021
male,2021
male,2021
male,2021
male,2021
male,2021
male,2021
male,2021
male,2021
female,2021
female,2021
male,2021
male,2021
male,2021
female,2021
male,2021
male,2021
female,2021
male,2021
male,2021
female,2021
male,2021
male,2021
male,2021
male,2021
male,2021
male,2021
male,2021
male,2021
female,2021
male,2021
male,2021
female,2021
female,2021
male,2021
male,2021
male,2021
male,2021
male,2021
male,2021
male,2021
female,2021
male,2021
male,2021
male,2021
male,2021
male,2021
male,2021
male,2021
female,2021
male,2021
female,2021
male,2021
male,2021
male,2021
male,2021
female,2021
male,2021
male,2021
female,2021
female,2021
male,2021
male,2021
male,2021
male,2021
male,2021
female,2021
male,2021
male,2021
male,2021
male,2021
male,2021
male,2021
male,2021
male,2021
male,2021
male,2021
female,2021
male,2021
male,2021
male,2021
female,2021
male,2021
male,2021
male,2021
female,2021
female,2021
male,2021
male,2021
male,2021
male,2021
female,2021
male,2021
male,2021
female,2021
male,2021
male,2021
male,2021
male,2021
male,2021
male,2021
male,2021
male,2021
male,2021
male,2021
female,2021
male,2021
male,2021
male,2021
male,2021
male,2021
male,2021
male,2021
male,2021
male,2021
male,2021
male,2021
male,2021
male,2021
male,2021
male,2021
female,2021
male,2021
male,2021
male,2021
male,2021
male,2021
male,2021
female,2021
male,2021
male,2021
female,2021
male,2021
male,2021
female,2021
female,2021
male,2021
female,2021
female,2021
male,2021
male,2021
male,2021
female,2021
male,2021
male,2021
male,2021
male,2021
male,2021
male,2021
male,2021
male,2021
male,2021
female,2021
male,2021
male,2021
male,2021
male,2021
male,2021
male,2021
female,2021
male,2021
male,2021
male,2021
male,2021
male,2021
male,2021
male,2021
male,2021
male,2021
male,2021
female,2021
female,2021
female,2021
female,2021
male,2021
male,2021
male,2021
male,2021
male,2021
male,2021
female,2021
male,2021
male,2021
male,2021
male,2021
male,2021
male,2021
female,2021
male,2021
male,2021
male,2021
male,2021
male,2021
male,2021
male,2021
male,2021
male,2021
male,2021
male,2021
male,2021
male,2021
female,2021
female,2021
male,2021
male,2021
male,2021
male,2021
female,2021
male,2021
female,2021
male,2021
male,2021
female,2021
male,2021
male,2021
male,2021
male,2021
female,2021
male,2021
male,2021
male,2021
male,2021
female,2021
female,2021
male,2021
female,2021
female,2021
male,2021
male,2021
male,2021
male,2021
male,2021
male,2021
male,2021
male,2021
male,2021
male,2021
male,2021
male,2021
male,2021
male,2021
female,2021
male,2021
male,2021
male,2021
male,2021
male,2021
male,2021
female,2021
male,2021
female,2021
male,2021
male,2021
male,2021
female,2021
female,2021
male,2021
male,2021
male,2021
male,2021
male,2021
female,2021
male,2021
male,2021
female,2021
male,2021
female,2021
male,2021
male,2021
male,2021
male,2021
male,2021
male,2021
male,2021
female,2021
male,2021
female,2021
male,2021
female,2021
male,2021
male,2021
male,2021
male,2021
male,2021
male,2021
female,2021
male,2021
male,2021
male,2021
male,2021
female,2021
female,2021
male,2021
male,2021
male,2021
male,2021
male,2021
male,2021
male,2021
male,2021
female,2021
female,2021
male,2021
male,2021
male,2021
female,2021
male,2021
male,2021
male,2021
male,2021
male,2021
male,2021
male,2021
male,2021
male,2021
female,2021
male,2021
male,2021
male,2021
male,2021
male,2021
male,2021
male,2021
male,2021
male,2021
male,2021
male,2021
female,2021
male,2021
male,2021
male,2021
male,2021
female,2021
male,2021
female,2021
male,2021
male,2021
male,2021
male,2021
male,2021
female,2021
male,2021
male,2021
male,2021
male,2021
male,2021
male,2021
male,2021
female,2021
male,2021
male,2021
female,2021
male,2021
male,2021
male,2021
male,2021
male,2021
female,2021
male,2021
male,2021
male,2021
male,2021
male,2021
female,2021
male,2021
male,2021
male,2021
male,2021
male,2021
female,2021
male,2021
male,2021
male,2021
male,2021
male,2021
male,2021
male,2021
male,2021
male,2021
male,2021
male,2021
male,2021
female,2021
male,2021
female,2021
male,2021
female,2021
male,2021
female,2021
female,2021
female,2021
female,2021
male,2021
male,2021
female,2021
male,2021
female,2021
female,2021
male,2021
male,2021
female,2021
male,2021
male,2021
male,2021
male,2021
male,2021
female,2021
male,2021
female,2021
male,2021
male,2021
male,2021
female,2021
male,2021
male,2021
male,2021
male,2021
female,2021
male,2021
male,2021
male,2021
female,2021
male,2021
male,2021
male,2021
male,2021
male,2021
male,2021
male,2021
male,2021
male,2021
male,2021
male,2021
male,2021
male,2021
female,2021
male,2021
male,2021
male,2021
male,2021
male,2021
male,2021
male,2021
female,2021
male,2021
male,2021
male,2021
male,2021
female,2021
male,2021
male,2021
male,2021
male,2021
male,2021
male,2021
male,2021
male,2021
male,2021
male,2021
male,2021
male,2021
male,2021
female,2021
male,2021
male,2021
male,2021
male,2021
male,2021
male,2021
male,2021
male,2021
female,2021
male,2021
male,2021
male,2021
male,2021
female,2021
male,2021
female,2021
male,2021
male,2021
male,2021
male,2021
male,2021
male,2021
female,2021
male,2021
male,2021
male,2021
female,2021
male,2021
male,2021
male,2021
female,2021
male,2021
male,2021
male,2021
female,2021
male,2021
female,2021
male,2021
male,2021
male,2021
male,2021
female,2021
male,2021
male,2021
male,2021
male,2021
female,2021
female,2021
male,2021
male,2021
male,2021
male,2021
female,2021
female,2021
female,2021
male,2021
male,2021
male,2021
male,2021
female,2021
male,2021
female,2021
male,2021
male,2021
male,2021
female,2021
male,2021
male,2021
male,2021
male,2021
male,2021
male,2021
male,2021
male,2021
female,2021
male,2021
male,2021
male,2021
male,2021
male,2021
female,2021
male,2021
male,2021
male,2021
male,2021
male,2021
male,2021
male,2021
male,2021
male,2021
male,2021
male,2021
male,2021
female,2021
female,2021
male,2021
male,2021
female,2021
female,2021
female,2021
male,2021
male,2021
male,2021
male,2021
male,2021
male,2021
male,2021
male,2021
male,2021
male,2021
male,2021
male,2021
male,2021
male,2021
male,2021
male,2021
male,2021
male,2021
male,2021
male,2021
male,2021
male,2021
male,2021
male,2021
male,2021
male,2021
male,2021
male,2021
male,2021
male,2021
female,2021
male,2021
male,2021
female,2021
female,2021
female,2021
male,2021
female,2021
female,2021
female,2021
female,2021
female,2021
female,2021
male,2021
female,2021
male,2021
male,2021
male,2021
male,2021
female,2021
male,2021
female,2021
male,2021
female,2021
male,2021
male,2021
male,2021
male,2021
male,2021
male,2021
male,2021
female,2021
male,2021
male,2021
male,2021
male,2021
male,2021
male,2021
female,2021
female,2021
male,2021
male,2021
female,2021
female,2021
male,2021
female,2021
male,2021
male,2021
female,2021
male,2021
female,2021
female,2021
male,2021
male,2021
male,2021
male,2021
male,2021
male,2021
male,2021
male,2021
male,2021
male,2021
female,2021
male,2021
male,2021
female,2021
male,2021
female,2021
female,2021
female,2021
male,2021
female,2021
male,2021
male,2021
male,2021
male,2021
male,2021
female,2021
male,2021
female,2021
male,2021
male,2021
male,2021
male,2021
male,2021
male,2021
male,2021
male,2021
male,2021
male,2021
male,2021
female,2021
female,2021
female,2021
male,2021
female,2021
male,2021
female,2021
male,2021
male,2021
male,2021
male,2021
male,2021
male,2021
male,2021
female,2021
male,2021
male,2021
male,2021
female,2021
male,2021
male,2021
male,2021
female,2021
male,2021
female,2021
male,2021
male,2021
male,2021
male,2021
female,2021
male,2021
male,2021
male,2021
female,2021
male,2021
female,2021
female,2021
male,2021
male,2021
male,2021
male,2021
male,2021
male,2021
female,2021
male,2021
male,2021
male,2021
male,2021
female,2021
female,2021
male,2021
female,2021
male,2021
male,2021
female,2021
female,2021
male,2021
female,2021
female,2021
male,2021
male,2021
male,2021
male,2021
female,2021
female,2021
male,2021
male,2021
male,2021
male,2021
female,2021
male,2021
male,2021
female,2021
male,2021
male,2021
male,2021
female,2021
male,2021
male,2021
male,2021
female,2021
female,2021
female,2021
female,2021
female,2021
male,2021
male,2021
male,2021
male,2021
male,2021
female,2021
male,2021
male,2021
male,2021
female,2021
male,2021
female,2021
male,2021
female,2021
male,2021
male,2021
male,2021
female,2021
male,2021
male,2021
male,2021
male,2021
female,2021
male,2021
male,2021
male,2021
male,2021
female,2021
male,2021
male,2021
female,2021
male,2021
male,2021
male,2021
male,2021
male,2021
male,2021
female,2021
female,2021
female,2021
male,2021
male,2021
male,2021
female,2021
male,2021
female,2021
male,2021
male,2021
female,2021
male,2021
male,2021
male,2021
male,2021
male,2021
male,2021
male,2021
female,2021
male,2021
male,2021
male,2021
male,2021
male,2021
male,2021
male,2021
male,2021
male,2021
male,2021
male,2021
male,2021
male,2021
female,2021
male,2021
female,2021
male,2021
male,2021
male,2021
female,2021
female,2021
female,2021
male,2021
female,2021
male,2021
male,2021
male,2021
female,2021
male,2021
female,2021
male,2021
male,2021
male,2021
male,2021
male,2021
male,2021
male,2021
male,2021
male,2021
male,2021
female,2021
female,2021
female,2021
male,2021
male,2021
female,2021
female,2021
female,2021
female,2021
male,2021
male,2021
male,2021
female,2021
female,2021
male,2021
male,2021
female,2021
female,2021
female,2021
female,2021
male,2021
male,2021
male,2021
male,2021
female,2021
male,2021
male,2021
female,2021
female,2021
male,2021
male,2021
male,2021
male,2021
male,2021
male,2021
male,2021
male,2021
male,2021
male,2021
female,2021
male,2021
male,2021
male,2021
male,2021
female,2021
male,2021
female,2021
male,2021
male,2021
male,2021
male,2021
male,2021
male,2021
male,2021
male,2021
female,2021
female,2021
female,2021
female,2021
male,2021
male,2021
male,2021
male,2021
male,2021
female,2021
male,2021
female,2021
male,2021
male,2021
male,2021
male,2021
male,2021
male,2021
male,2021
female,2021
male,2021
female,2021
female,2021
male,2021
male,2021
male,2021
male,2021
male,2021
male,2021
male,2021
male,2021
male,2021
male,2021
male,2021
male,2021
male,2021
male,2021
male,2021
male,2021
male,2021
male,2021
female,2021
male,2021
male,2021
female,2021
female,2021
female,2021
female,2021
female,2021
female,2021
female,2021
female,2021
male,2021
male,2021
male,2021
male,2021
female,2021
male,2021
female,2021
female,2021
male,2021
female,2021
female,2021
female,2021
female,2021
male,2021
female,2021
female,2021
female,2021
male,2021
female,2021
male,2021
female,2021
male,2021
female,2021
male,2021
female,2021
female,2021
female,2021
female,2021
male,2021
male,2021
female,2021
female,2021
female,2021
female,2021
male,2021
female,2021
male,2021
male,2021
male,2021
female,2021
male,2021
female,2021
male,2021
male,2021
male,2021
female,2021
female,2021
male,2021
male,2021
female,2021
female,2021
female,2021
female,2021
female,2021
female,2021
male,2021
male,2021
male,2021
male,2021
male,2021
male,2021
female,2021
male,2021
male,2021
male,2021
male,2021
male,2021
female,2021
male,2021
female,2021
male,2021
female,2021
female,2021
female,2021
female,2021
male,2021
male,2021
male,2021
male,2021
male,2021
male,2021
female,2021
male,2021
male,2021
male,2021
male,2021
male,2021
male,2021
female,2021
male,2021
male,2021
male,2021
female,2021
male,2021
male,2021
male,2021
male,2021
male,2021
male,2021
male,2021
male,2021
female,2021
male,2021
male,2021
female,2021
male,2021
male,2021
male,2021
female,2021
female,2021
male,2021
male,2021
male,2021
male,2021
male,2021
male,2021
male,2021
male,2021
male,2021
female,2021
male,2021
male,2021
male,2021
male,2021
male,2021
female,2021
female,2021
female,2021
male,2021
male,2021
male,2021
male,2021
male,2021
male,2021
female,2021
female,2021
male,2021
male,2021
male,2020
female,2020
female,2020
male,2020
male,2020
male,2020
female,2020
female,2020
male,2020
male,2020
male,2020
female,2020
male,2020
male,2020
male,2020
male,2020
female,2020
male,2020
male,2020
male,2020
male,2020
female,2020
male,2020
female,2020
female,2020
female,2020
female,2020
male,2020
female,2020
female,2020
male,2020
female,2020
female,2020
male,2020
male,2020
male,2020
male,2020
male,2020
male,2020
male,2020
male,2020
female,2020
male,2020
male,2020
male,2020
male,2020
female,2020
male,2020
male,2020
female,2020
male,2020
male,2020
male,2020
male,2020
male,2020
female,2020
male,2020
male,2020
male,2020
female,2020
female,2020
male,2020
male,2020
female,2020
male,2020
female,2020
female,2020
male,2020
male,2020
female,2020
male,2020
female,2020
male,2020
male,2020
female,2020
female,2020
male,2020
male,2020
female,2020
male,2020
female,2020
male,2020
male,2020
female,2020
male,2020
male,2020
male,2020
female,2020
female,2020
female,2020
female,2020
male,2020
male,2020
male,2020
male,2020
male,2020
male,2020
male,2020
male,2020
female,2020
male,2020
female,2020
male,2020
female,2020
female,2020
female,2020
female,2020
male,2020
female,2020
male,2020
male,2020
male,2020
male,2020
male,2020
female,2020
female,2020
female,2020
female,2020
female,2020
female,2020
female,2020
female,2020
male,2020
male,2020
male,2020
male,2020
female,2020
male,2020
female,2020
female,2020
female,2020
male,2020
male,2020
male,2020
male,2020
male,2020
male,2020
male,2020
male,2020
female,2020
male,2020
male,2020
male,2020
male,2020
male,2020
male,2020
female,2020
male,2020
female,2020
male,2020
female,2020
female,2020
female,2020
male,2020
male,2020
female,2020
male,2020
male,2020
male,2020
male,2020
male,2020
female,2020
male,2020
male,2020
male,2020
male,2020
male,2020
male,2020
male,2020
male,2020
male,2020
male,2020
male,2020
male,2020
male,2020
male,2020
female,2020
male,2020
male,2020
male,2020
male,2020
male,2020
male,2020
male,2020
male,2020
male,2020
female,2020
male,2020
female,2020
male,2020
male,2020
male,2020
female,2020
male,2020
male,2020
male,2020
female,2020
male,2020
male,2020
male,2020
male,2020
male,2020
male,2020
male,2020
male,2020
male,2020
male,2020
male,2020
male,2020
male,2020
male,2020
male,2020
female,2020
male,2020
male,2020
male,2020
male,2020
male,2020
male,2020
male,2020
male,2020
male,2020
female,2020
male,2020
male,2020
female,2020
male,2020
male,2020
male,2020
female,2020
male,2020
male,2020
male,2020
male,2020
male,2020
male,2020
male,2020
female,2020
female,2020
male,2020
female,2020
male,2020
male,2020
female,2020
male,2020
male,2020
male,2020
male,2020
female,2020
male,2020
male,2020
female,2020
male,2020
male,2020
male,2020
female,2020
male,2020
male,2020
male,2020
male,2020
male,2020
male,2020
male,2020
male,2020
male,2020
female,2020
male,2020
male,2020
female,2020
female,2020
male,2020
male,2020
male,2020
female,2020
female,2020
male,2020
male,2020
male,2020
male,2020
male,2020
male,2020
female,2020
male,2020
male,2020
male,2020
male,2020
male,2020
male,2020
male,2020
male,2020
male,2020
male,2020
male,2020
male,2020
male,2020
female,2020
male,2020
male,2020
male,2020
male,2020
male,2020
male,2020
male,2020
male,2020
female,2020
male,2020
male,2020
male,2020
male,2020
male,2020
male,2020
male,2020
female,2020
male,2020
female,2020
male,2020
female,2020
female,2020
male,2020
female,2020
male,2020
male,2020
male,2020
male,2020
male,2020
male,2020
male,2020
male,2020
male,2020
male,2020
female,2020
female,2020
male,2020
male,2020
male,2020
male,2020
male,2020
male,2020
female,2020
male,2020
male,2020
female,2020
male,2020
male,2020
male,2020
male,2020
male,2020
female,2020
male,2020
male,2020
male,2020
male,2020
male,2020
male,2020
male,2020
male,2020
male,2020
male,2020
male,2020
male,2020
male,2020
male,2020
male,2020
male,2020
male,2020
male,2020
male,2020
male,2020
female,2020
male,2020
male,2020
male,2020
male,2020
male,2020
female,2020
female,2020
male,2020
male,2020
female,2020
female,2020
male,2020
male,2020
male,2020
male,2020
male,2020
female,2020
male,2020
male,2020
female,2020
female,2020
male,2020
male,2020
female,2020
male,2020
male,2020
male,2020
male,2020
male,2020
male,2020
male,2020
male,2020
female,2020
male,2020
female,2020
female,2020
male,2020
male,2020
female,2020
male,2020
male,2020
male,2020
female,2020
female,2020
male,2020
male,2020
male,2020
male,2020
male,2020
male,2020
male,2020
female,2020
female,2020
male,2020
male,2020
male,2020
female,2020
male,2020
female,2020
female,2020
male,2020
male,2020
male,2020
male,2020
male,2020
male,2020
male,2020
male,2020
male,2020
male,2020
male,2020
male,2020
male,2020
female,2020
male,2020
male,2020
male,2020
male,2020
male,2020
male,2020
male,2020
male,2020
female,2020
male,2020
male,2020
female,2020
female,2020
male,2020
male,2020
female,2020
female,2020
male,2020
female,2020
male,2020
male,2020
male,2020
male,2020
female,2020
male,2020
male,2020
male,2020
male,2020
male,2020
female,2020
male,2020
female,2020
male,2020
female,2020
male,2020
male,2020
male,2020
male,2020
male,2020
female,2020
male,2020
male,2020
male,2020
male,2020
male,2020
female,2020
female,2020
male,2020
female,2020
male,2020
male,2020
male,2020
male,2020
female,2020
male,2020
male,2020
male,2020
female,2020
male,2020
male,2020
male,2020
male,2020
male,2020
male,2020
male,2020
male,2020
male,2020
male,2020
male,2020
male,2020
male,2020
male,2020
male,2020
female,2020
male,2020
male,2020
female,2020
female,2020
male,2020
female,2020
female,2020
male,2020
male,2020
male,2020
female,2020
female,2020
female,2020
male,2020
male,2020
female,2020
male,2020
female,2020
male,2020
male,2020
male,2020
male,2020
male,2020
male,2020
male,2020
male,2020
male,2020
male,2020
male,2020
male,2020
male,2020
female,2020
male,2020
female,2020
male,2020
male,2020
male,2020
male,2020
male,2020
male,2020
male,2020
male,2020
male,2020
male,2020
male,2020
male,2020
male,2020
female,2020
male,2020
male,2020
female,2020
male,2020
male,2020
male,2020
male,2020
male,2020
female,2020
female,2020
female,2020
female,2020
male,2020
female,2020
female,2020
male,2020
male,2020
male,2020
male,2020
male,2020
male,2020
male,2020
male,2020
male,2020
male,2020
male,2020
male,2020
male,2020
male,2020
male,2020
male,2020
female,2020
female,2020
male,2020
male,2020
male,2020
male,2020
male,2020
male,2020
male,2020
female,2020
female,2020
male,2020
male,2020
male,2020
male,2020
male,2020
male,2020
male,2020
female,2020
male,2020
male,2020
male,2020
male,2020
male,2020
female,2020
female,2020
female,2020
female,2020
male,2020
female,2020
male,2020
male,2020
male,2020
female,2020
male,2020
male,2020
male,2020
male,2020
male,2020
male,2020
male,2020
male,2020
male,2020
male,2020
male,2020
male,2020
male,2020
male,2020
female,2020
female,2020
female,2020
male,2020
male,2020
female,2020
male,2020
male,2020
male,2020
male,2020
female,2020
male,2020
male,2020
male,2020
female,2020
male,2020
female,2020
male,2020
male,2020
male,2020
male,2020
female,2020
male,2020
male,2020
male,2020
male,2020
male,2020
male,2020
female,2020
female,2020
male,2020
male,2020
male,2020
male,2020
female,2020
female,2020
male,2020
female,2020
male,2020
male,2020
female,2020
female,2020
male,2020
female,2020
female,2020
male,2020
female,2020
female,2020
male,2020
male,2020
female,2020
male,2020
male,2020
male,2020
male,2020
male,2020
male,2020
male,2020
male,2020
male,2020
male,2020
male,2020
female,2020
female,2020
male,2020
male,2020
female,2020
male,2020
female,2020
male,2020
male,2020
male,2020
male,2020
female,2020
male,2020
male,2020
male,2020
male,2020
male,2020
male,2020
male,2020
male,2020
male,2020
female,2020
male,2020
male,2020
male,2020
male,2020
male,2020
male,2020
male,2020
male,2020
male,2020
male,2020
male,2020
female,2020
male,2020
female,2020
male,2020
male,2020
male,2020
male,2020
male,2020
male,2020
male,2020
male,2020
male,2020
female,2020
female,2020
male,2020
male,2020
male,2020
male,2020
female,2020
male,2020
male,2020
male,2020
male,2020
male,2020
female,2020
male,2020
female,2020
male,2020
female,2020
male,2020
male,2020
male,2020
male,2020
male,2020
male,2020
female,2020
male,2020
male,2020
male,2020
female,2020
male,2020
female,2020
male,2020
female,2020
male,2020
male,2020
male,2020
male,2020
male,2020
male,2020
male,2020
male,2020
female,2020
female,2020
female,2020
female,2020
female,2020
female,2020
male,2020
male,2020
female,2020
female,2020
female,2020
female,2020
female,2020
male,2020
male,2020
female,2020
male,2020
male,2020
female,2020
female,2020
male,2020
male,2020
female,2020
female,2020
male,2020
male,2020
female,2020
female,2020
male,2020
male,2020
female,2020
male,2020
female,2020
female,2020
female,2020
male,2020
female,2020
female,2020
male,2020
female,2020
male,2020
female,2020
male,2020
male,2020
male,2020
female,2020
male,2020
female,2020
male,2020
male,2020
male,2020
female,2020
female,2020
male,2020
male,2020
male,2020
male,2020
female,2020
male,2020
male,2020
female,2020
male,2020
male,2020
female,2020
male,2020
male,2020
male,2020
female,2020
female,2020
male,2020
male,2020
male,2020
male,2020
male,2020
male,2020
male,2020
male,2020
male,2020
female,2020
male,2020
male,2020
male,2020
female,2020
female,2020
male,2020
male,2020
female,2020
male,2020
female,2020
female,2020
male,2020
male,2020
male,2020
male,2020
male,2020
male,2020
male,2020
female,2020
male,2019
male,2019
female,2019
male,2019
female,2019
male,2019
female,2019
male,2019
male,2019
male,2019
female,2019
male,2019
male,2019
male,2019
male,2019
male,2019
male,2019
male,2019
male,2019
male,2019
male,2019
male,2019
male,2019
male,2019
female,2019
male,2019
male,2019
male,2019
male,2019
male,2019
male,2019
male,2019
male,2019
female,2019
male,2019
male,2019
female,2019
male,2019
male,2019
male,2019
male,2019
male,2019
male,2019
male,2019
male,2019
female,2019
male,2019
male,2019
male,2019
male,2019
male,2019
male,2019
male,2019
female,2019
male,2019
male,2019
male,2019
female,2019
female,2019
male,2019
male,2019
female,2019
male,2019
male,2019
female,2019
male,2019
male,2019
male,2019
male,2019
male,2019
male,2019
male,2019
male,2019
male,2019
male,2019
male,2019
female,2019
male,2019
male,2019
male,2019
male,2019
male,2019
female,2019
male,2019
male,2019
male,2019
male,2019
male,2019
male,2019
male,2019
male,2019
male,2019
male,2019
male,2019
male,2019
male,2019
female,2019
male,2019
male,2019
female,2019
female,2019
female,2019
male,2019
female,2019
male,2019
female,2019
female,2019
male,2019
female,2019
male,2019
male,2019
female,2019
male,2019
male,2019
male,2019
male,2019
male,2019
male,2019
female,2019
male,2019
female,2019
male,2019
female,2019
male,2019
male,2019
male,2019
male,2019
female,2019
male,2019
female,2019
male,2019
male,2019
male,2019
male,2019
male,2019
male,2019
female,2019
male,2019
male,2019
male,2019
male,2019
male,2019
female,2019
male,2019
female,2019
male,2019
male,2019
male,2019
female,2019
male,2019
male,2019
female,2019
male,2019
female,2019
female,2019
male,2019
male,2019
male,2019
male,2019
male,2019
male,2019
male,2019
male,2019
male,2019
male,2019
female,2019
female,2019
male,2019
male,2019
male,2019
male,2019
male,2019
male,2019
male,2019
female,2019
female,2019
female,2019
male,2019
male,2019
female,2019
male,2019
male,2019
male,2019
female,2019
female,2019
male,2019
female,2019
male,2019
male,2019
male,2019
male,2019
male,2019
male,2019
female,2019
male,2019
male,2019
female,2019
male,2019
male,2019
female,2019
male,2019
male,2019
female,2019
female,2019
male,2019
male,2019
male,2019
female,2019
male,2019
male,2019
female,2019
male,2019
male,2019
male,2019
female,2019
male,2019
female,2019
female,2019
male,2019
male,2019
female,2019
female,2019
male,2019
female,2019
male,2019
male,2019
male,2019
female,2019
female,2019
female,2019
male,2019
male,2019
male,2019
male,2019
male,2019
male,2019
male,2019
male,2019
female,2019
male,2019
female,2019
female,2019
male,2019
female,2019
male,2019
male,2019
male,2019
male,2019
male,2019
male,2019
male,2019
male,2019
male,2019
male,2019
male,2019
male,2019
male,2019
male,2019
male,2019
female,2019
female,2019
male,2019
male,2019
male,2019
male,2019
male,2019
male,2019
male,2019
male,2019
male,2019
female,2019
male,2019
female,2019
female,2019
male,2019
male,2019
male,2019
male,2019
male,2019
male,2019
male,2019
male,2019
female,2019
male,2019
male,2019
female,2019
male,2019
male,2019
male,2019
female,2019
male,2019
male,2019
male,2019
female,2019
female,2019
male,2019
female,2019
male,2019
female,2019
male,2019
male,2019
male,2019
male,2019
male,2019
male,2019
female,2019
female,2019
male,2019
male,2019
male,2019
male,2019
male,2019
male,2019
male,2019
female,2019
male,2019
male,2019
female,2019
female,2019
male,2019
female,2019
female,2019
male,2019
male,2019
male,2019
male,2019
male,2019
female,2019
male,2019
male,2019
female,2019
male,2019
male,2019
male,2019
male,2019
male,2019
male,2019
male,2019
female,2019
male,2019
male,2019
male,2019
male,2019
male,2019
male,2019
female,2019
female,2019
male,2019
female,2019
male,2019
female,2019
male,2019
male,2019
female,2019
male,2019
female,2019
female,2019
male,2019
female,2019
male,2019
female,2019
male,2019
female,2019
male,2019
male,2019
male,2019
male,2019
female,2019
male,2019
male,2019
male,2019
male,2019
male,2019
male,2019
male,2019
male,2019
male,2019
female,2019
male,2019
male,2019
male,2019
male,2019
female,2019
male,2019
male,2019
male,2019
male,2019
female,2019
female,2019
female,2019
male,2019
male,2019
female,2019
male,2019
male,2019
male,2019
male,2019
male,2019
male,2019
female,2019
female,2019
male,2019
male,2019
male,2019
male,2019
female,2019
male,2019
male,2019
male,2019
male,2019
male,2019
male,2019
male,2019
male,2019
male,2019
male,2019
male,2019
female,2019
male,2019
female,2019
male,2019
male,2019
male,2019
female,2019
male,2019
male,2019
male,2019
male,2019
male,2019
male,2019
male,2019
female,2019
male,2019
male,2019
male,2019
male,2019
female,2019
female,2019
male,2019
male,2019
male,2019
male,2019
male,2019
male,2019
male,2019
male,2019
male,2019
male,2019
male,2019
male,2019
male,2019
female,2019
male,2019
male,2019
male,2019
male,2019
male,2019
female,2019
male,2019
male,2019
female,2019
male,2019
male,2019
male,2019
male,2019
female,2019
male,2019
male,2019
male,2019
male,2019
male,2019
male,2019
female,2019
male,2019
female,2019
male,2019
female,2019
male,2019
male,2019
female,2019
female,2019
female,2019
female,2019
male,2019
male,2019
female,2019
male,2019
female,2019
male,2019
male,2019
male,2019
female,2019
male,2019
male,2019
female,2019
female,2019
male,2019
male,2019
male,2019
male,2019
female,2019
male,2019
male,2019
male,2019
male,2019
female,2019
male,2019
male,2019
male,2019
female,2019
male,2019
male,2019
male,2019
female,2019
male,2019
female,2019
male,2019
male,2019
male,2019
male,2019
female,2019
male,2019
male,2019
male,2019
male,2019
male,2019
female,2019
male,2019
male,2019
male,2019
female,2019
male,2019
male,2019
male,2019
male,2019
male,2019
male,2019
female,2019
male,2019
male,2019
female,2019
male,2019
male,2019
male,2019
male,2019
female,2019
female,2019
male,2019
male,2019
male,2019
male,2019
male,2019
female,2019
female,2019
male,2019
male,2019
female,2019
male,2019
male,2019
female,2019
male,2019
male,2019
male,2019
male,2019
female,2019
male,2019
male,2019
male,2019
male,2019
male,2019
male,2019
male,2019
female,2019
male,2019
male,2019
male,2019
male,2019
male,2019
male,2019
female,2019
male,2019
female,2019
female,2019
male,2019
male,2019
female,2019
male,2019
male,2019
female,2019
male,2019
male,2019
male,2019
male,2019
male,2019
female,2019
male,2019
female,2019
male,2019
female,2019
female,2019
male,2019
male,2019
male,2019
male,2019
male,2019
male,2019
female,2019
male,2019
male,2019
male,2019
female,2019
male,2019
female,2019
female,2019
female,2019
male,2019
male,2019
female,2019
male,2019
male,2019
male,2019
female,2019
male,2019
male,2019
female,2019
female,2019
female,2019
male,2019
male,2019
male,2019
male,2019
male,2019
female,2019
male,2019
male,2019
male,2019
male,2019
male,2019
male,2019
female,2019
male,2019
male,2019
male,2019
male,2019
male,2019
male,2019
female,2019
male,2019
male,2019
male,2019
male,2019
female,2019
male,2019
male,2019
male,2019
male,2019
female,2019
female,2019
female,2019
female,2019
female,2019
female,2019
female,2019
male,2019
female,2019
female,2019
female,2019
male,2019
male,2019
female,2019
female,2019
male,2019
male,2019
male,2019
male,2019
male,2019
female,2019
male,2019
male,2019
male,2019
male,2019
female,2019
female,2019
male,2019
male,2019
female,2019
female,2019
female,2019
female,2019
female,2019
female,2019
male,2019
male,2019
male,2019
female,2019
male,2019
female,2019
male,2019
female,2019
female,2019
male,2019
female,2019
male,2019
male,2019
female,2019
male,2019
male,2019
female,2019
male,2019
male,2019
female,2019
male,2019
male,2019
male,2019
male,2019
male,2019
female,2019
male,2019
male,2019
male,2019
female,2019
male,2019
male,2019
male,2019
male,2019
male,2019
male,2019
female,2019
male,2019
male,2019
male,2019
female,2019
male,2019
male,2019
male,2019
female,2019
male,2019
male,2019
male,2019
female,2019
male,2019
female,2019
female,2019
male,2019
male,2019
female,2019
female,2019
male,2019
female,2019
female,2019
female,2019
female,2019
male,2019
male,2019
male,2019
female,2019
male,2019
male,2019
male,2019
male,2019
male,2019
male,2019
male,2019
male,2019
male,2019
female,2019
male,2019
male,2019
male,2019
male,2019
female,2019
male,2019
male,2019
male,2019
male,2019
male,2019
male,2019
female,2019
male,2019
male,2019
male,2019
male,2019
male,2019
female,2019
female,2019
male,2019
female,2019
female,2019
male,2019
female,2019
male,2019
male,2019
female,2022
female,2022
male,2022
female,2022
male,2022
male,2022
male,2022
male,2022
male,2022
male,2022
male,2022
male,2022
male,2022
male,2022
male,2022
female,2022
male,2022
female,2022
female,2022
male,2022
female,2022
male,2022
male,2022
female,2022
male,2022
male,2022
male,2022
male,2022
male,2022
male,2022
male,2022
male,2022
male,2022
male,2022
male,2022
male,2022
male,2022
male,2022
male,2022
male,2022
male,2022
male,2022
male,2022
female,2022
male,2022
male,2022
male,2022
female,2022
female,2022
male,2022
male,2022
female,2022
male,2022
female,2022
male,2022
male,2022
male,2022
male,2022
male,2022
male,2022
male,2022
male,2022
male,2022
male,2022
female,2022
male,2022
female,2022
male,2022
male,2022
female,2022
female,2022
male,2022
male,2022
male,2022
male,2022
male,2022
female,2022
male,2022
male,2022
male,2022
male,2022
male,2022
female,2022
male,2022
male,2022
male,2022
male,2022
male,2022
male,2022
male,2022
male,2022
female,2022
female,2022
male,2022
male,2022
male,2022
male,2022
male,2022
male,2022
male,2022
male,2022
male,2022
male,2022
male,2022
male,2022
male,2022
female,2022
male,2022
female,2022
female,2022
female,2022
female,2022
female,2022
female,2022
male,2022
female,2022
male,2022
female,2022
female,2022
female,2022
male,2022
female,2022
male,2022
male,2022
male,2022
female,2022
female,2022
male,2022
female,2022
female,2022
male,2022
male,2021
male,2021
male,2021
male,2021
male,2021
male,2021
male,2021
male,2021
male,2021
male,2021
female,2021
male,2021
female,2021
male,2021
male,2021
male,2021
male,2021
male,2021
male,2021
male,2021
male,2021
female,2021
male,2021
male,2021
male,2021
male,2021
male,2021
male,2021
male,2021
male,2021
male,2021
male,2021
male,2021
male,2021
male,2021
male,2021
male,2021
male,2021
male,2021
male,2021
male,2021
male,2021
male,2021
male,2021
female,2021
male,2021
male,2021
male,2021
male,2021
male,2021
male,2021
male,2021
male,2021
male,2021
male,2021
male,2021
male,2021
male,2021